recipe_id,link_id,comment
TABOULE,LINK_TABOULE,__comment__
RATATOUILLE,LINK_RATATOUILLE,__comment__
LENTILLES_LARDONS,LINK_LENTILLES_LARDONS,__comment__
DHAL_DE_PATATE_DOUCE_ET_DE_LENTILLE_CORAIL,LINK_DHAL_DE_PATATE_DOUCE_ET_DE_LENTILLE_CORAIL,__comment__
JAMBALAYA,LINK_JAMBALAYA,__comment__
SALADE_DE_RIZ_AU_THON_ET_AUX_LEGUMES_CROQUANTS,LINK_SALADE_DE_RIZ_AU_THON_ET_AUX_LEGUMES_CROQUANTS,__comment__
"SALADE_D_EBLY,_OIGNON_CARAMELISE_&_MOZZARELLA","LINK_SALADE_D_EBLY,_OIGNON_CARAMELISE_&_MOZZARELLA",__comment__
AUBERGINES_A_LA_PARMESANE,LINK_AUBERGINES_A_LA_PARMESANE,__comment__
SPAGHETTI_BOLOGNESE,LINK_SPAGHETTI_BOLOGNESE,__comment__
SALADE_DE_PENNE_A_L_ITALIENNE,LINK_SALADE_DE_PENNE_A_L_ITALIENNE,__comment__
QUICHE_POIVRONS_ET_COURGETTES,LINK_QUICHE_POIVRONS_ET_COURGETTES,__comment__
LASAGNES_EPINARDS_ET_CHEVRE,LINK_LASAGNES_EPINARDS_ET_CHEVRE,__comment__
GRATIN_DAUPHINOIS,LINK_GRATIN_DAUPHINOIS,__comment__
SAUCE_BOLOGNAISE_A_LA_ROMAGNOLE,LINK_SAUCE_BOLOGNAISE_A_LA_ROMAGNOLE,__comment__
PUREE_DE_BUTTERNUT,LINK_PUREE_DE_BUTTERNUT,__comment__
SMOOTHIE_FRUITS_ROUGES_ET_BANANE,LINK_SMOOTHIE_FRUITS_ROUGES_ET_BANANE,__comment__
SMOOTHIE_ANANAS_BANANE,LINK_SMOOTHIE_ANANAS_BANANE,__comment__
SMOOTHIE_FRAISE_MYRTILLE,LINK_SMOOTHIE_FRAISE_MYRTILLE,__comment__
SMOOTHIE_BANANE_KIWI,LINK_SMOOTHIE_BANANE_KIWI,__comment__
VELOUTE_DE_BUTTERNUT,LINK_VELOUTE_DE_BUTTERNUT,__comment__
FARFALLE_A_LA_CREME_DE_COURGETTES,LINK_FARFALLE_A_LA_CREME_DE_COURGETTES,__comment__
POULET_COCO_AUX_3_EPICES,LINK_POULET_COCO_AUX_3_EPICES,__comment__
RISOTTO_POULET_ET_CHAMPIGNONS,LINK_RISOTTO_POULET_ET_CHAMPIGNONS,__comment__
INVISIBLE_AUX_POMMES,LINK_INVISIBLE_AUX_POMMES,__comment__
RISOTTO_CHAMPIGNONS_ET_COURGETTES,LINK_RISOTTO_CHAMPIGNONS_ET_COURGETTES,__comment__
LASAGNES_DE_LEGUMES,LINK_LASAGNES_DE_LEGUMES,__comment__
SAUTE_DE_PORC_AU_CURRY,LINK_SAUTE_DE_PORC_AU_CURRY,__comment__
BUTTER_CHICKEN,LINK_BUTTER_CHICKEN,__comment__
HACHIS_PARMENTIER,LINK_HACHIS_PARMENTIER,__comment__
QUICHE_POIVRONS_ET_CHORIZO,LINK_QUICHE_POIVRONS_ET_CHORIZO,__comment__
JARDINIERE_DE_LEGUMES_AUX_LARDONS,LINK_JARDINIERE_DE_LEGUMES_AUX_LARDONS,__comment__
GASPACHO_ANDALOU,LINK_GASPACHO_ANDALOU,__comment__
GLACE_A_LA_VANILLE,LINK_GLACE_A_LA_VANILLE,__comment__
"CEVICHE_DE_CREVETTES,_MANGUE,_AVOCAT","LINK_CEVICHE_DE_CREVETTES,_MANGUE,_AVOCAT",__comment__
RISOTTO_AU_PESTO_D_EPINARDS_ET_BASILIC,LINK_RISOTTO_AU_PESTO_D_EPINARDS_ET_BASILIC,__comment__
CURRY_DE_POIS_CHICHES_AU_LAIT_DE_COCO,LINK_CURRY_DE_POIS_CHICHES_AU_LAIT_DE_COCO,__comment__
TARTE_AUX_POMMES_SANS_PÂTE,LINK_TARTE_AUX_POMMES_SANS_PÂTE,__comment__
"CRUMBLE_COURGETTES,_BASILIC_ET_PARMESAN","LINK_CRUMBLE_COURGETTES,_BASILIC_ET_PARMESAN",__comment__
"QUINOA_SALAD_WITH_ASPARAGUS,_PEAS,_AVOCADO_&_LEMON_BASIL_DRESSING","LINK_QUINOA_SALAD_WITH_ASPARAGUS,_PEAS,_AVOCADO_&_LEMON_BASIL_DRESSING",__comment__
LENTILLES_FAÇON_CHILI,LINK_LENTILLES_FAÇON_CHILI,__comment__
CRUMBLE_DE_SAUMON_ET_POIREAUX,LINK_CRUMBLE_DE_SAUMON_ET_POIREAUX,__comment__
GRANOLA_BAR,LINK_GRANOLA_BAR,__comment__
INVISIBLE_AUX_POIRES,LINK_INVISIBLE_AUX_POMMES,__comment__
PATE_A_PIZZA,LINK_PATE_A_PIZZA,__comment__
SALADE_DE_POIS_CHICHES,LINK_SALADE_DE_POIS_CHICHES,__comment__
MEATBALLS__JAMIE_OLIVER,LINK_MEATBALLS__JAMIE_OLIVER,__comment__
SOUPE_DE_POIVRONS_A_LA_RICOTTA_ET_AU_MIEL,LINK_SOUPE_DE_POIVRONS_A_LA_RICOTTA_ET_AU_MIEL,__comment__
CABILLAUD_AUX_LEGUMES_ET_PUREE_DE_POMMES_DE_TERRE,LINK_CABILLAUD_AUX_LEGUMES_ET_PUREE_DE_POMMES_DE_TERRE,__comment__